Library_Code	Sample	Sample_ID	Tags	Forward	Reverse	Plate_position
LIB2	3QGV231.3S	77	aaaaaaaa:aaaaaaaa	AAACTCGTGCCAGCCACC	GGGTATCTAATCCCAGTTTG	F @ position=01_01A
LIB2	4QGV231.1P	78	aaaaaccc:aaaaaccc	AAACTCGTGCCAGCCACC	GGGTATCTAATCCCAGTTTG	F @ position=01_01B
LIB2	PC1LIB2	79	gcaatttt:gcaatttt	AAACTCGTGCCAGCCACC	GGGTATCTAATCCCAGTTTG	F @ position=01_01C
LIB2	5QGV231.2P	80	ggacaaac:ggacaaac	AAACTCGTGCCAGCCACC	GGGTATCTAATCCCAGTTTG	F @ position=01_01D
LIB2	6QGV231.3P	81	tgacacca:tgacacca	AAACTCGTGCCAGCCACC	GGGTATCTAATCCCAGTTTG	F @ position=01_01E
LIB2	7QGV232.1S	82	gtacaaga:gtacaaga	AAACTCGTGCCAGCCACC	GGGTATCTAATCCCAGTTTG	F @ position=01_01F
LIB2	8QGV232.2S	83	ccaattac:ccaattac	AAACTCGTGCCAGCCACC	GGGTATCTAATCCCAGTTTG	F @ position=01_01G
LIB2	9QGV232.3S	84	gagcaacg:gagcaacg	AAACTCGTGCCAGCCACC	GGGTATCTAATCCCAGTTTG	F @ position=01_01H
LIB2	10QGV232.1P	85	aaaaaggg:aaaaaggg	AAACTCGTGCCAGCCACC	GGGTATCTAATCCCAGTTTG	F @ position=01_02A
LIB2	11QGV232.2P	86	tgacagag:tgacagag	AAACTCGTGCCAGCCACC	GGGTATCTAATCCCAGTTTG	F @ position=01_02B
LIB2	12QGV232.3P	87	aggatatt:aggatatt	AAACTCGTGCCAGCCACC	GGGTATCTAATCCCAGTTTG	F @ position=01_02C
LIB2	13QGV233.1S	88	gagcacat:gagcacat	AAACTCGTGCCAGCCACC	GGGTATCTAATCCCAGTTTG	F @ position=01_02D
LIB2	14QGV233.2S	89	aaaaattt:aaaaattt	AAACTCGTGCCAGCCACC	GGGTATCTAATCCCAGTTTG	F @ position=01_02E
LIB2	15QGV233.3S	90	aggatcgg:aggatcgg	AAACTCGTGCCAGCCACC	GGGTATCTAATCCCAGTTTG	F @ position=01_02F
LIB2	16QGV233.1P	91	aaaacacg:aaaacacg	AAACTCGTGCCAGCCACC	GGGTATCTAATCCCAGTTTG	F @ position=01_02G
LIB2	17QGV233.2P	92	ccacaaca:ccacaaca	AAACTCGTGCCAGCCACC	GGGTATCTAATCCCAGTTTG	F @ position=01_02H
LIB2	18QGV233.3P	93	accttcct:accttcct	AAACTCGTGCCAGCCACC	GGGTATCTAATCCCAGTTTG	F @ position=01_03A
LIB2	19QGV234.1S	94	ttacatct:ttacatct	AAACTCGTGCCAGCCACC	GGGTATCTAATCCCAGTTTG	F @ position=01_03B
LIB2	20QGV234.2S	95	gcacagaa:gcacagaa	AAACTCGTGCCAGCCACC	GGGTATCTAATCCCAGTTTG	F @ position=01_03C
LIB2	B1LIB2	96	aaaaccat:aaaaccat	AAACTCGTGCCAGCCACC	GGGTATCTAATCCCAGTTTG	F @ position=01_03D
LIB2	21QGV234.3S	97	tgacattc:tgacattc	AAACTCGTGCCAGCCACC	GGGTATCTAATCCCAGTTTG	F @ position=01_03E
LIB2	22QGV234.1P	98	ccacacac:ccacacac	AAACTCGTGCCAGCCACC	GGGTATCTAATCCCAGTTTG	F @ position=01_03F
LIB2	23QGV234.2P	99	tgaccaaa:tgaccaaa	AAACTCGTGCCAGCCACC	GGGTATCTAATCCCAGTTTG	F @ position=01_03G
LIB2	24QGV234.3P	100	aggattaa:aggattaa	AAACTCGTGCCAGCCACC	GGGTATCTAATCCCAGTTTG	F @ position=01_03H
LIB2	25QGV235.1S	101	tcgccaga:tcgccaga	AAACTCGTGCCAGCCACC	GGGTATCTAATCCCAGTTTG	F @ position=01_04A
LIB2	26QGV235.2S	102	gcacatcc:gcacatcc	AAACTCGTGCCAGCCACC	GGGTATCTAATCCCAGTTTG	F @ position=01_04B
LIB2	27QGV235.3S	103	ttgccatt:ttgccatt	AAACTCGTGCCAGCCACC	GGGTATCTAATCCCAGTTTG	F @ position=01_04C
LIB2	28QGV235.1P	104	aaaacgta:aaaacgta	AAACTCGTGCCAGCCACC	GGGTATCTAATCCCAGTTTG	F @ position=01_04D
LIB2	29QGV235.2P	105	gaggctac:gaggctac	AAACTCGTGCCAGCCACC	GGGTATCTAATCCCAGTTTG	F @ position=01_04E
LIB2	30QGV235.3P	106	gagccaaa:gagccaaa	AAACTCGTGCCAGCCACC	GGGTATCTAATCCCAGTTTG	F @ position=01_04F
LIB2	31QGV236.1S	107	aggcaacc:aggcaacc	AAACTCGTGCCAGCCACC	GGGTATCTAATCCCAGTTTG	F @ position=01_04G
LIB2	32QGV236.2S	108	ccacagtg:ccacagtg	AAACTCGTGCCAGCCACC	GGGTATCTAATCCCAGTTTG	F @ position=01_04H
LIB2	33QGV236.3S	109	aaaactgc:aaaactgc	AAACTCGTGCCAGCCACC	GGGTATCTAATCCCAGTTTG	F @ position=01_05A
LIB2	34QGV236.1P	110	tcgccctg:tcgccctg	AAACTCGTGCCAGCCACC	GGGTATCTAATCCCAGTTTG	F @ position=01_05B
LIB2	35QGV236.2P	111	gcaccata:gcaccata	AAACTCGTGCCAGCCACC	GGGTATCTAATCCCAGTTTG	F @ position=01_05C
LIB2	36QGV236.3P	112	aggcacaa:aggcacaa	AAACTCGTGCCAGCCACC	GGGTATCTAATCCCAGTTTG	F @ position=01_05D
LIB2	1QGI231.1S	113	ctggcagt:ctggcagt	AAACTCGTGCCAGCCACC	GGGTATCTAATCCCAGTTTG	F @ position=01_05E
LIB2	2QGI231.2S	114	ccacatgt:ccacatgt	AAACTCGTGCCAGCCACC	GGGTATCTAATCCCAGTTTG	F @ position=01_05F
LIB2	3QGI231.3S	115	ggacccat:ggacccat	AAACTCGTGCCAGCCACC	GGGTATCTAATCCCAGTTTG	F @ position=01_05G
LIB2	4QGI231.1P	116	aaaagagt:aaaagagt	AAACTCGTGCCAGCCACC	GGGTATCTAATCCCAGTTTG	F @ position=01_05H
LIB2	5QGI231.2P	117	gagccccc:gagccccc	AAACTCGTGCCAGCCACC	GGGTATCTAATCCCAGTTTG	F @ position=01_06A
LIB2	6QGI231.3P	118	ccaccaag:ccaccaag	AAACTCGTGCCAGCCACC	GGGTATCTAATCCCAGTTTG	F @ position=01_06B
LIB2	7QGI232.1S	119	gcacccgc:gcacccgc	AAACTCGTGCCAGCCACC	GGGTATCTAATCCCAGTTTG	F @ position=01_06C
LIB2	8QGI232.2S	120	aaaagctg:aaaagctg	AAACTCGTGCCAGCCACC	GGGTATCTAATCCCAGTTTG	F @ position=01_06D
LIB2	9QGI232.3S	121	aaaaggac:aaaaggac	AAACTCGTGCCAGCCACC	GGGTATCTAATCCCAGTTTG	F @ position=01_06E
LIB2	10QGI232.1P	122	gagccggg:gagccggg	AAACTCGTGCCAGCCACC	GGGTATCTAATCCCAGTTTG	F @ position=01_06F
LIB2	PC2LIB2	123	aaaagtca:aaaagtca	AAACTCGTGCCAGCCACC	GGGTATCTAATCCCAGTTTG	F @ position=01_06G
LIB2	11QGI232.2P	124	ccaccgga:ccaccgga	AAACTCGTGCCAGCCACC	GGGTATCTAATCCCAGTTTG	F @ position=01_06H
LIB2	12QGI232.3P	125	cgacctca:cgacctca	AAACTCGTGCCAGCCACC	GGGTATCTAATCCCAGTTTG	F @ position=01_07A
LIB2	13QGI233.1S	126	aaaatatc:aaaatatc	AAACTCGTGCCAGCCACC	GGGTATCTAATCCCAGTTTG	F @ position=01_07B
LIB2	14QGI233.2S	127	tgacggga:tgacggga	AAACTCGTGCCAGCCACC	GGGTATCTAATCCCAGTTTG	F @ position=01_07C
LIB2	15QGI233.3S	128	ccaccttc:ccaccttc	AAACTCGTGCCAGCCACC	GGGTATCTAATCCCAGTTTG	F @ position=01_07D
LIB2	16QGI233.1P	129	aaaatcga:aaaatcga	AAACTCGTGCCAGCCACC	GGGTATCTAATCCCAGTTTG	F @ position=01_07E
LIB2	17QGI233.2P	130	gagcgcga:gagcgcga	AAACTCGTGCCAGCCACC	GGGTATCTAATCCCAGTTTG	F @ position=01_07F
LIB2	18QGI233.3P	131	aaaatgct:aaaatgct	AAACTCGTGCCAGCCACC	GGGTATCTAATCCCAGTTTG	F @ position=01_07G
LIB2	19QGI234.1S	132	aggccggc:aggccggc	AAACTCGTGCCAGCCACC	GGGTATCTAATCCCAGTTTG	F @ position=01_07H
LIB2	20QGI234.2S	133	gagcggct:gagcggct	AAACTCGTGCCAGCCACC	GGGTATCTAATCCCAGTTTG	F @ position=01_08A
LIB2	21QGI234.3S	134	aaaattag:aaaattag	AAACTCGTGCCAGCCACC	GGGTATCTAATCCCAGTTTG	F @ position=01_08B
LIB2	22QGI234.1P	135	ccacgcgg:ccacgcgg	AAACTCGTGCCAGCCACC	GGGTATCTAATCCCAGTTTG	F @ position=01_08C
LIB2	23QGI234.2P	136	gagcgtag:gagcgtag	AAACTCGTGCCAGCCACC	GGGTATCTAATCCCAGTTTG	F @ position=01_08D
LIB2	24QGI234.3P	137	aggcctta:aggcctta	AAACTCGTGCCAGCCACC	GGGTATCTAATCCCAGTTTG	F @ position=01_08E
LIB2	25QGI235.1S	138	ccacggcc:ccacggcc	AAACTCGTGCCAGCCACC	GGGTATCTAATCCCAGTTTG	F @ position=01_08F
LIB2	26QGI235.2S	139	aaacaact:aaacaact	AAACTCGTGCCAGCCACC	GGGTATCTAATCCCAGTTTG	F @ position=01_08G
LIB2	27QGI235.3S	140	aaacacag:aaacacag	AAACTCGTGCCAGCCACC	GGGTATCTAATCCCAGTTTG	F @ position=01_08H
LIB2	B2LIB2	141	accatata:accatata	AAACTCGTGCCAGCCACC	GGGTATCTAATCCCAGTTTG	F @ position=01_09A
LIB2	28QGI235.1P	142	aggcgatg:aggcgatg	AAACTCGTGCCAGCCACC	GGGTATCTAATCCCAGTTTG	F @ position=01_09B
LIB2	29QGI235.2P	143	aggcgcgt:aggcgcgt	AAACTCGTGCCAGCCACC	GGGTATCTAATCCCAGTTTG	F @ position=01_09C
LIB2	30QGI235.3P	144	aaacagtc:aaacagtc	AAACTCGTGCCAGCCACC	GGGTATCTAATCCCAGTTTG	F @ position=01_09D
LIB2	31QGI236.1S	145	ccactagc:ccactagc	AAACTCGTGCCAGCCACC	GGGTATCTAATCCCAGTTTG	F @ position=01_09E
LIB2	32QGI236.2S	146	aggcggca:aggcggca	AAACTCGTGCCAGCCACC	GGGTATCTAATCCCAGTTTG	F @ position=01_09F
LIB2	33QGI236.3S	147	aaacatga:aaacatga	AAACTCGTGCCAGCCACC	GGGTATCTAATCCCAGTTTG	F @ position=01_09G
LIB2	34QGI236.1P	148	cgactccc:cgactccc	AAACTCGTGCCAGCCACC	GGGTATCTAATCCCAGTTTG	F @ position=01_09H
LIB2	35QGI236.2P	149	tgagaaat:tgagaaat	AAACTCGTGCCAGCCACC	GGGTATCTAATCCCAGTTTG	F @ position=01_10A
LIB2	36QGI236.3P	150	aaaccaac:aaaccaac	AAACTCGTGCCAGCCACC	GGGTATCTAATCCCAGTTTG	F @ position=01_10B